{"cameraMode":{"drawMode":0,"name":"Shaded","section":"Shading Mode"},"sceneLighting":true,"audioPlay":false,"sceneViewState":{"m_AlwaysRefresh":false,"showFog":true,"showSkybox":true,"showFlares":true,"showImageEffects":true,"showParticleSystems":true,"showVisualEffectGraphs":true,"m_FxEnabled":true},"in2DMode":false,"pivot":{"x":-16.55863380432129,"y":-1.5731226205825806,"z":8.929871559143067},"rotation":{"x":-0.2350933700799942,"y":-0.005242929793894291,"z":0.0013423070777207614,"w":-0.9720054268836975},"size":9.17137336730957,"orthographic":false}