{"cameraMode":{"drawMode":0,"name":"Shaded","section":"Shading Mode"},"sceneLighting":false,"audioPlay":false,"sceneViewState":{"m_AlwaysRefresh":false,"showFog":false,"showSkybox":false,"showFlares":false,"showImageEffects":false,"showParticleSystems":false,"showVisualEffectGraphs":true,"m_FxEnabled":true},"in2DMode":false,"pivot":{"x":-0.003506898880004883,"y":0.895827054977417,"z":0.06369100511074066},"rotation":{"x":-0.12233979254961014,"y":-0.6862729787826538,"z":0.11873114854097367,"w":-0.7071493864059448},"size":1.0614382028579713,"orthographic":false}