{"cameraMode":{"drawMode":0,"name":"Shaded","section":"Shading Mode"},"sceneLighting":false,"audioPlay":false,"sceneViewState":{"m_AlwaysRefresh":false,"showFog":true,"showSkybox":true,"showFlares":true,"showImageEffects":true,"showParticleSystems":true,"showVisualEffectGraphs":true,"m_FxEnabled":true},"in2DMode":false,"pivot":{"x":-12.078594207763672,"y":-82.2340316772461,"z":100.39425659179688},"rotation":{"x":0.33331677317619326,"y":0.024198653176426889,"z":-0.009186603128910065,"w":0.9426220059394836},"size":70.71244812011719,"orthographic":false}