{"cameraMode":{"drawMode":0,"name":"Shaded","section":"Shading Mode"},"sceneLighting":false,"audioPlay":false,"sceneViewState":{"m_AlwaysRefresh":false,"showFog":true,"showSkybox":true,"showFlares":true,"showImageEffects":true,"showParticleSystems":true,"showVisualEffectGraphs":true,"m_FxEnabled":true},"in2DMode":false,"pivot":{"x":-21.506851196289064,"y":5.5903544425964359,"z":-13.485090255737305},"rotation":{"x":0.22839194536209107,"y":0.10776153951883316,"z":-0.025921937078237535,"w":0.967387318611145},"size":3.405217170715332,"orthographic":false}