{"cameraMode":{"drawMode":0,"name":"Shaded","section":"Shading Mode"},"sceneLighting":false,"audioPlay":false,"sceneViewState":{"m_AlwaysRefresh":false,"showFog":true,"showSkybox":true,"showFlares":true,"showImageEffects":true,"showParticleSystems":true,"showVisualEffectGraphs":true,"m_FxEnabled":true},"in2DMode":false,"pivot":{"x":-18.10500144958496,"y":-118.95011138916016,"z":73.12487030029297},"rotation":{"x":0.47052255272865298,"y":0.015890708193182946,"z":-0.009275378659367562,"w":0.8823829293251038},"size":73.8945083618164,"orthographic":false}